<?xml version="1.0" encoding="utf-8" ?>
<Defs>

  <FactionDef>
    <defName>FactionBlender_Pirate</defName>
    <label>amalgam pirate band</label>
    <description>An amalgam of various races, who have grouped together in the name of pirating, looting, and general mayhem.\n\nNot to be outdone by their more civil neighbors or homogenous pirate competition, they will take in whoever they want, or steal them by force, to increase their numbers and achieve strength through diversity.\n\nThey often show up with fearsome animals, monsters, and mechs to terrorize the populations they raid.</description>
    <pawnSingular>pirate</pawnSingular>
    <pawnsPlural>pirates</pawnsPlural>
    <listOrderPriority>10</listOrderPriority>
    <settlementGenerationWeight>1</settlementGenerationWeight>
    <requiredCountAtGameStart>1</requiredCountAtGameStart>
    <maxCountAtGameStart>1</maxCountAtGameStart>
    <canMakeRandomly>true</canMakeRandomly>
    <canSiege>true</canSiege>
    <canStageAttacks>true</canStageAttacks>
    <leaderTitle>boss</leaderTitle>
    <factionIconPath>World/FB_Pirate</factionIconPath>
    <colorSpectrum>
      <li>(0.45, 0.05, 0.05)</li>
      <li>(0.95, 0.25, 0.05)</li>
    </colorSpectrum>
    <permanentEnemy>true</permanentEnemy>
    <factionNameMaker>NamerFaction_FB_Pirate</factionNameMaker>
    <settlementNameMaker>NamerSettlementPirate</settlementNameMaker>
    <techLevel>Spacer</techLevel>

    <!-- Extra hairTags to include -->
    <hairTags>
      <li>Punk</li>
    </hairTags>
    <!-- Extra backstories to include -->
    <backstoryFilters>
      <li>
        <categories>
          <li>Pirate</li>
        </categories>
      </li>
    </backstoryFilters>

    <geneticVariance>1</geneticVariance>
    <allowedArrivalTemperatureRange>
      <min>-40</min>
      <max>45</max>
    </allowedArrivalTemperatureRange>
    <maxPawnCostPerTotalPointsCurve>
      <points>
        <li>(0,35)</li>
        <li>(70, 50)</li>
        <li>(700, 100)</li>
        <li>(1300, 150)</li>
        <li>(100000, 10000)</li>
      </points>
    </maxPawnCostPerTotalPointsCurve>

    <!-- Pawn lists filled by DefsLoaded hook -->
    <pawnGroupMakers>
      <!-- Standard collection of all fighters -->
      <li>
        <kindDef>Combat</kindDef>
        <commonality>100</commonality>
        <options/>
      </li>
      <!-- Ranged only -->
      <li>
        <kindDef>Combat</kindDef>
        <commonality>65</commonality>
        <options/>
      </li>
      <!-- Melee only -->
      <li>
        <kindDef>Combat</kindDef>
        <commonality>60</commonality>
        <disallowedStrategies>
          <li>Siege</li>
        </disallowedStrategies>
        <options/>
      </li>
      <!-- Snipers only -->
      <li>
        <kindDef>Combat</kindDef>
        <commonality>40</commonality>
        <options/>
      </li>
      <!-- Heavy damage types -->
      <li>
        <kindDef>Combat</kindDef>
        <commonality>25</commonality>
        <options/>
      </li>
      <!-- Mostly non-humans -->
      <li>
        <kindDef>Combat</kindDef>
        <commonality>10</commonality>
        <disallowedStrategies>
          <li>Siege</li>
        </disallowedStrategies>
        <options/>
      </li>

      <li>
        <kindDef>Settlement</kindDef>
        <options/>
      </li>
    </pawnGroupMakers>
    <settlementTexturePath>World/WorldObjects/DefaultSettlement</settlementTexturePath>
  </FactionDef>

  <FactionDef>
    <defName>FactionBlender_Civil</defName>
    <label>civil coalition</label>
    <description>A civil faction of outlanders who have united under a common banner, regardless of race or species.\n\nWhat started as a small town grew into a nation as they took in wanderers and refugees from other cities. They quickly realized that the different peoples of the planet have their own strengths, which increased the productivity and security of their nation as a whole.\n\nThey've also learned how to tame many types of animals, large and small, and even hacked some of the mechanoids that have dared to attack them.</description>
    <colorSpectrum>
      <li>(0.00, 0.65, 0.65)</li>
      <li>(0.45, 1.00, 1.00)</li>
    </colorSpectrum>
    <pawnSingular>outlander</pawnSingular>
    <pawnsPlural>outlanders</pawnsPlural>
    <listOrderPriority>30</listOrderPriority>
    <settlementGenerationWeight>1</settlementGenerationWeight>
    <requiredCountAtGameStart>1</requiredCountAtGameStart>
    <canMakeRandomly>true</canMakeRandomly>
    <startingGoodwill>
      <min>0</min>
      <max>0</max>
    </startingGoodwill>
    <naturalColonyGoodwill>
      <min>-50</min>
      <max>50</max>
    </naturalColonyGoodwill>
    <goodwillDailyGain>0.20</goodwillDailyGain>
    <goodwillDailyFall>0.40</goodwillDailyFall>
    <canSiege>true</canSiege>
    <canStageAttacks>true</canStageAttacks>
    <leaderTitle>President-Commander</leaderTitle>
    <factionIconPath>World/FB_Civil</factionIconPath>
    <factionNameMaker>NamerFaction_FB_Civil</factionNameMaker>
    <settlementNameMaker>NamerSettlementOutlander</settlementNameMaker>
    <techLevel>Spacer</techLevel>
    <geneticVariance>1</geneticVariance>

    <!-- Extra hairTags to include -->
    <hairTags>
        <li>Urban</li>
    </hairTags>
    <!-- Extra backstories to include -->
    <backstoryFilters>
      <li>
        <categories>
          <li>Outlander</li>
        </categories>
        <commonality>0.90</commonality>
      </li>
      <li>
        <categories>
          <li>Offworld</li>
        </categories>
        <!-- Slightly higher than vanilla -->
        <commonality>0.10</commonality>
      </li>
    </backstoryFilters>

    <caravanTraderKinds>
      <li>Caravan_Outlander_BulkGoods</li>
      <li>Caravan_Outlander_CombatSupplier</li>
      <li>Caravan_Outlander_Exotic</li>
      <li>Caravan_Outlander_PirateMerchant</li>
    </caravanTraderKinds>
    <visitorTraderKinds>
      <li>Visitor_Outlander_Standard</li>
    </visitorTraderKinds>
    <baseTraderKinds>
      <li>Base_Outlander_Standard</li>
    </baseTraderKinds>

    <allowedArrivalTemperatureRange>
      <min>-40</min>
      <max>45</max>
    </allowedArrivalTemperatureRange>
    <maxPawnCostPerTotalPointsCurve>
      <points>
        <li>(0,35)</li>
        <li>(70, 50)</li>
        <li>(700, 100)</li>
        <li>(1300, 150)</li>
        <li>(100000, 10000)</li>
      </points>
    </maxPawnCostPerTotalPointsCurve>

    <!-- Pawn lists filled by DefsLoaded hook -->
    <pawnGroupMakers>
      <!-- Standard collection of all fighters -->
      <li>
        <kindDef>Combat</kindDef>
        <commonality>100</commonality>
        <options/>
      </li>
      <!-- Ranged only -->
      <li>
        <kindDef>Combat</kindDef>
        <commonality>65</commonality>
        <options/>
      </li>
      <!-- Melee only -->
      <li>
        <kindDef>Combat</kindDef>
        <commonality>60</commonality>
        <!-- Civil coalition is smart enough to not bring a knife to a gun fight for large enough raids -->
        <maxTotalPoints>2000</maxTotalPoints>
        <disallowedStrategies>
          <li>Siege</li>
        </disallowedStrategies>
        <options/>
      </li>
      <!-- Snipers only -->
      <li>
        <kindDef>Combat</kindDef>
        <commonality>40</commonality>
        <options/>
      </li>
      <!-- Heavy damage types -->
      <li>
        <kindDef>Combat</kindDef>
        <commonality>25</commonality>
        <options/>
      </li>
      <!-- Mostly non-humans -->
      <li>
        <kindDef>Combat</kindDef>
        <commonality>10</commonality>
        <disallowedStrategies>
          <li>Siege</li>
        </disallowedStrategies>
        <options/>
      </li>

      <li>
        <kindDef>Peaceful</kindDef>
        <options/>
      </li>
      <li>
        <kindDef>Trader</kindDef>
        <traders/>
        <carriers/>
        <guards/>
      </li>
      <li>
        <kindDef>Settlement</kindDef>
        <options/>
      </li>
    </pawnGroupMakers>
    <settlementTexturePath>World/WorldObjects/DefaultSettlement</settlementTexturePath>
  </FactionDef>

</Defs>