<?xml version="1.0" encoding="utf-8" ?>
<Defs>

  <FactionDef ParentName="FactionBase">
    <defName>FactionBlender_Pirate</defName>
    <label>amalgam pirate band</label>
    <description>An amalgam of various races, who have grouped together in the name of pirating, looting, and general mayhem.\n\nNot to be outdone by their more civil neighbors or homogenous pirate competition, they will take in whoever they want, or steal them by force, to increase their numbers and achieve strength through diversity.\n\nThey often show up with fearsome animals, monsters, and mechs to terrorize the populations they raid.</description>
    <pawnSingular>pirate</pawnSingular>
    <pawnsPlural>pirates</pawnsPlural>
    <categoryTag>Pirates</categoryTag>
    <allowedCultures>
        <li>FB_AmalgamPirates</li>
    </allowedCultures>
    <requiredMemes>
        <li MayRequire="Ludeon.RimWorld.Ideology">Raider</li>
    </requiredMemes>
    <disallowedMemes>
        <!-- Memes that don't fit with an amalgam of races -->
        <li MayRequire="Ludeon.RimWorld.Ideology">HAR_Xenophobia</li>
        <li MayRequire="Sarg.AlphaMemes">AM_BiologicalDefilers</li>
        <li MayRequire="VanillaExpanded.VMemesE">VME_Anonymity</li>

        <!-- Memes that don't fit with pirates -->
        <li MayRequire="Ludeon.RimWorld.Ideology">Structure_Animist</li>
        <li MayRequire="Ludeon.RimWorld.Ideology">Guilty</li>
        <li MayRequire="Ludeon.RimWorld.Ideology">TreeConnection</li>
        <li MayRequire="Ludeon.RimWorld.Ideology">HumanPrimacy</li>
        <li MayRequire="Ludeon.RimWorld.Ideology">NaturePrimacy</li>
        <li MayRequire="Sarg.AlphaMemes">AM_Artist</li>
        <li MayRequire="Sarg.AlphaMemes">AM_BiologicalReconstructors</li>
        <li MayRequire="Sarg.AlphaMemes">AM_Monastic</li>
        <li MayRequire="VanillaExpanded.VMemesE">VME_Trader</li>
        <li MayRequire="VanillaExpanded.VMemesE">VME_Pacifist</li>
        <li MayRequire="VanillaExpanded.VMemesE">VME_Healthcare</li>

        <!-- Memes that aren't practical for combat -->
        <li MayRequire="Ludeon.RimWorld.Ideology">Nudism</li>
        <li MayRequire="Ludeon.RimWorld.Ideology">Blindsight</li>
        <li MayRequire="Sarg.AlphaMemes">AM_NonViolence</li>
        <!-- NOTE: We allow light/dark limiters here, but not for FactionBlender_Civil -->
    </disallowedMemes>
    <classicIdeo>false</classicIdeo>
    <structureMemeWeights>
        <Structure_TheistEmbodied MayRequire="Ludeon.RimWorld.Ideology">1</Structure_TheistEmbodied>
        <Structure_TheistAbstract MayRequire="Ludeon.RimWorld.Ideology">2</Structure_TheistAbstract>
        <Structure_Ideological MayRequire="Ludeon.RimWorld.Ideology">1</Structure_Ideological>
        <Structure_Archist MayRequire="Ludeon.RimWorld.Ideology">1</Structure_Archist>
    </structureMemeWeights>
    <listOrderPriority>10</listOrderPriority>
    <settlementGenerationWeight>1</settlementGenerationWeight>
    <requiredCountAtGameStart>1</requiredCountAtGameStart>
    <maxCountAtGameStart>1</maxCountAtGameStart>
    <canMakeRandomly>true</canMakeRandomly>
    <canSiege>true</canSiege>
    <canStageAttacks>true</canStageAttacks>
    <leaderTitle>boss</leaderTitle>
    <factionIconPath>World/FB_Pirate</factionIconPath>
    <colorSpectrum>
        <li>(0.45, 0.00, 0.00)</li>
        <li>(1.00, 0.00, 0.00)</li>
        <li>(0.45, 0.10, 0.00)</li>
        <li>(1.00, 0.25, 0.00)</li>
        <li>(0.45, 0.00, 0.10)</li>
        <li>(1.00, 0.00, 0.25)</li>
        <li>(0.45, 0.00, 0.00)</li>
    </colorSpectrum>
    <permanentEnemy>true</permanentEnemy>
    <factionNameMaker>NamerFaction_FB_Pirate</factionNameMaker>
    <settlementNameMaker>NamerSettlementPirate</settlementNameMaker>
    <techLevel>Spacer</techLevel>
    <raidLootMaker>PirateRaidLootMaker</raidLootMaker>

    <!-- Extra backstories to include -->
    <backstoryFilters>
      <li>
        <categories>
          <li>Pirate</li>
        </categories>
      </li>
    </backstoryFilters>

    <geneticVariance>1</geneticVariance>
    <allowedArrivalTemperatureRange>
      <min>-40</min>
      <max>45</max>
    </allowedArrivalTemperatureRange>
    <maxPawnCostPerTotalPointsCurve>
      <points>
        <li>(0,35)</li>
        <li>(70, 50)</li>
        <li>(700, 100)</li>
        <li>(1300, 150)</li>
        <li>(100000, 10000)</li>
      </points>
    </maxPawnCostPerTotalPointsCurve>

    <!-- Pawn lists filled by DefsLoaded hook -->
    <pawnGroupMakers>
      <!-- Standard collection of all fighters -->
      <li>
        <kindDef>Combat</kindDef>
        <commonality>100</commonality>
        <options/>
      </li>
      <!-- Ranged only -->
      <li>
        <kindDef>Combat</kindDef>
        <commonality>65</commonality>
        <options/>
      </li>
      <!-- Melee only -->
      <li>
        <kindDef>Combat</kindDef>
        <commonality>60</commonality>
        <disallowedStrategies>
          <li>Siege</li>
        </disallowedStrategies>
        <options/>
      </li>
      <!-- Snipers only -->
      <li>
        <kindDef>Combat</kindDef>
        <commonality>40</commonality>
        <options/>
      </li>
      <!-- Heavy damage types -->
      <li>
        <kindDef>Combat</kindDef>
        <commonality>25</commonality>
        <options/>
      </li>
      <!-- Mostly non-humans -->
      <li>
        <kindDef>Combat</kindDef>
        <commonality>10</commonality>
        <disallowedStrategies>
          <li>Siege</li>
        </disallowedStrategies>
        <options/>
      </li>

      <li>
        <kindDef>Settlement</kindDef>
        <options/>
      </li>
    </pawnGroupMakers>
    <settlementTexturePath>World/WorldObjects/DefaultSettlement</settlementTexturePath>
    <maxConfigurableAtWorldCreation>9999</maxConfigurableAtWorldCreation>
  </FactionDef>

  <FactionDef ParentName="FactionBase">
    <defName>FactionBlender_Civil</defName>
    <label>civil coalition</label>
    <description>A civil faction of outlanders who have united under a common banner, regardless of race or species.\n\nWhat started as a small town grew into a nation as they took in wanderers and refugees from other cities. They quickly realized that the different peoples of the planet have their own strengths, which increased the productivity and security of their nation as a whole.\n\nThey've also learned how to tame many types of animals, large and small, and even hacked some of the mechanoids that have dared to attack them.</description>
    <colorSpectrum>
        <li>(0.00, 0.35, 0.35)</li>
        <li>(0.75, 1.00, 1.00)</li>
        <li>(0.00, 0.20, 0.35)</li>
        <li>(0.75, 0.85, 1.00)</li>
        <li>(0.00, 0.35, 0.20)</li>
        <li>(0.75, 1.00, 0.85)</li>
        <li>(0.00, 0.35, 0.35)</li>
    </colorSpectrum>
    <pawnSingular>civilian</pawnSingular>
    <pawnsPlural>civilians</pawnsPlural>
    <categoryTag>Outlander</categoryTag>
    <allowedCultures>
        <li>FB_CivilCoalition</li>
    </allowedCultures>
    <requiredMemes>
        <li MayRequire="Ludeon.RimWorld.Ideology">HAR_Xenophilia</li>
    </requiredMemes>
    <disallowedMemes>
        <!-- Memes that don't fit with an amalgam of races -->
        <li MayRequire="Ludeon.RimWorld.Ideology">HAR_Xenophobia</li>
        <li MayRequire="Sarg.AlphaMemes">AM_BiologicalDefilers</li>
        <li MayRequire="VanillaExpanded.VMemesE">VME_Anonymity</li>

        <!-- Memes that don't fit with a diverse ideology, but might be honored by the other clan -->
        <li MayRequire="Ludeon.RimWorld.Ideology">MaleSupremacy</li>
        <li MayRequire="Ludeon.RimWorld.Ideology">FemaleSupremacy</li>
        <li MayRequire="Ludeon.RimWorld.Ideology">Supremacist</li>
        <li MayRequire="Ludeon.RimWorld.Ideology">PainIsVirtue</li>
        <li MayRequire="Ludeon.RimWorld.Ideology">Cannibal</li>
        <li MayRequire="Ludeon.RimWorld.Ideology">Raider</li>
        <li MayRequire="Sarg.AlphaMemes">AM_Sadist</li>
        <li MayRequire="VanillaExpanded.VMemesE">VME_ViolentConversion</li>
        <li MayRequire="VanillaExpanded.VMemesE">VME_Bushido</li>
        <li MayRequire="VanillaExpanded.VMemesE">VME_BloodCourt</li>
        <li MayRequire="VanillaExpanded.VMemesE">VME_Nationalist</li>

        <!-- Memes that aren't practical for combat -->
        <li MayRequire="Ludeon.RimWorld.Ideology">Nudism</li>
        <li MayRequire="Ludeon.RimWorld.Ideology">Blindsight</li>
        <li MayRequire="Sarg.AlphaMemes">AM_NonViolence</li>
        <li MayRequire="VanillaExpanded.VMemesE">VME_Light</li>
        <li MayRequire="Ludeon.RimWorld.Ideology">Darkness</li>
    </disallowedMemes>
    <disallowedPrecepts>
        <li MayRequire="Ludeon.RimWorld.Ideology">Slavery_Acceptable</li>
        <li MayRequire="Ludeon.RimWorld.Ideology">Slavery_Honorable</li>
        <li MayRequire="Ludeon.RimWorld.Ideology">Cannibalism_Acceptable</li>
        <li MayRequire="Ludeon.RimWorld.Ideology">Cannibalism_Preferred</li>
        <li MayRequire="Ludeon.RimWorld.Ideology">Cannibalism_RequiredStrong</li>
        <li MayRequire="Ludeon.RimWorld.Ideology">Cannibalism_RequiredRavenous</li>
        <li MayRequire="Ludeon.RimWorld.Ideology">IdeoDiversity_Abhorrent</li>
        <li MayRequire="Ludeon.RimWorld.Ideology">IdeoDiversity_Horrible</li>
        <li MayRequire="Sarg.AlphaMemes">AM_Violence_Abhorrent_Strict</li>
        <li MayRequire="Sarg.AlphaMemes">AM_Corpses_Sublime</li>
        <li MayRequire="Sarg.AlphaMemes">AM_Death_Desired</li>
        <li MayRequire="Sarg.AlphaMemes">AM_Bonding_Abhorrent</li>
        <li MayRequire="Sarg.AlphaMemes">AM_AnimalSlaughter_Desired</li>
        <li MayRequire="VanillaExpanded.VMemesE">VME_Proselytizing_Forceful</li>
        <li MayRequire="VanillaExpanded.VMemesE">VME_Raiding_Honorable</li>
    </disallowedPrecepts>
    <classicIdeo>false</classicIdeo>
    <structureMemeWeights>
      <Structure_TheistEmbodied MayRequire="Ludeon.RimWorld.Ideology">1</Structure_TheistEmbodied>
      <Structure_TheistAbstract MayRequire="Ludeon.RimWorld.Ideology">1.5</Structure_TheistAbstract>
      <Structure_Ideological MayRequire="Ludeon.RimWorld.Ideology">2</Structure_Ideological>
      <Structure_Archist MayRequire="Ludeon.RimWorld.Ideology">1.5</Structure_Archist>
      <Structure_OriginChristian MayRequire="Ludeon.RimWorld.Ideology">1</Structure_OriginChristian>
      <Structure_OriginIslamic MayRequire="Ludeon.RimWorld.Ideology">1</Structure_OriginIslamic>
      <Structure_OriginHindu MayRequire="Ludeon.RimWorld.Ideology">1</Structure_OriginHindu>
      <Structure_OriginBuddhist MayRequire="Ludeon.RimWorld.Ideology">1</Structure_OriginBuddhist>
    </structureMemeWeights>
    <listOrderPriority>30</listOrderPriority>
    <settlementGenerationWeight>1</settlementGenerationWeight>
    <requiredCountAtGameStart>1</requiredCountAtGameStart>
    <canMakeRandomly>true</canMakeRandomly>
    <canSiege>true</canSiege>
    <canStageAttacks>true</canStageAttacks>
    <leaderTitle>President-Commander</leaderTitle>
    <factionIconPath>World/FB_Civil</factionIconPath>
    <factionNameMaker>NamerFaction_FB_Civil</factionNameMaker>
    <settlementNameMaker>NamerSettlementOutlander</settlementNameMaker>
    <techLevel>Spacer</techLevel>
    <geneticVariance>1</geneticVariance>
    <raidLootMaker>OutlanderRaidLootMaker</raidLootMaker>

    <!-- Extra backstories to include -->
    <backstoryFilters>
      <li>
        <categories>
          <li>Outlander</li>
        </categories>
        <commonality>0.90</commonality>
      </li>
      <li>
        <categories>
          <li>Offworld</li>
        </categories>
        <!-- Slightly higher than vanilla -->
        <commonality>0.10</commonality>
      </li>
    </backstoryFilters>

    <!-- Filled in via TraderKindDefInjector -->
    <caravanTraderKinds>
      <li>Caravan_Outlander_BulkGoods</li>
      <li>Caravan_Outlander_CombatSupplier</li>
      <li>Caravan_Outlander_Exotic</li>
      <li>Caravan_Outlander_PirateMerchant</li>
    </caravanTraderKinds>
    <visitorTraderKinds>
      <li>Visitor_Outlander_Standard</li>
    </visitorTraderKinds>
    <baseTraderKinds>
      <li>Base_Outlander_Standard</li>
    </baseTraderKinds>

    <allowedArrivalTemperatureRange>
      <min>-50</min>
      <max>45</max>
    </allowedArrivalTemperatureRange>
    <maxPawnCostPerTotalPointsCurve>
      <points>
        <li>(0,35)</li>
        <li>(70, 50)</li>
        <li>(700, 100)</li>
        <li>(1300, 150)</li>
        <li>(100000, 10000)</li>
      </points>
    </maxPawnCostPerTotalPointsCurve>

    <!-- Pawn lists filled in via InjectPawnKindDefsToFactions -->
    <pawnGroupMakers>
      <!-- Standard collection of all fighters -->
      <li>
        <kindDef>Combat</kindDef>
        <commonality>100</commonality>
        <options/>
      </li>
      <!-- Ranged only -->
      <li>
        <kindDef>Combat</kindDef>
        <commonality>65</commonality>
        <options/>
      </li>
      <!-- Melee only -->
      <li>
        <kindDef>Combat</kindDef>
        <commonality>60</commonality>
        <!-- Civil coalition is smart enough to not bring a knife to a gun fight for large enough raids -->
        <maxTotalPoints>2000</maxTotalPoints>
        <disallowedStrategies>
          <li>Siege</li>
        </disallowedStrategies>
        <options/>
      </li>
      <!-- Snipers only -->
      <li>
        <kindDef>Combat</kindDef>
        <commonality>40</commonality>
        <options/>
      </li>
      <!-- Heavy damage types -->
      <li>
        <kindDef>Combat</kindDef>
        <commonality>25</commonality>
        <options/>
      </li>
      <!-- Mostly non-humans -->
      <li>
        <kindDef>Combat</kindDef>
        <commonality>10</commonality>
        <disallowedStrategies>
          <li>Siege</li>
        </disallowedStrategies>
        <options/>
      </li>

      <li>
        <kindDef>Peaceful</kindDef>
        <options/>
      </li>
      <li>
        <kindDef>Trader</kindDef>
        <traders/>
        <carriers/>
        <guards/>
      </li>
      <li>
        <kindDef>Settlement</kindDef>
        <options/>
      </li>
      <li MayRequire="Ludeon.RimWorld.Ideology">
        <kindDef>Miners</kindDef>
        <commonality>1</commonality>
        <options/>
      </li>
      <li MayRequire="Ludeon.RimWorld.Ideology">
        <kindDef>Hunters</kindDef>
        <commonality>1</commonality>
        <options/>
      </li>
      <li MayRequire="Ludeon.RimWorld.Ideology">
        <kindDef>Loggers</kindDef>
        <commonality>1</commonality>
        <options/>
      </li>
      <li MayRequire="Ludeon.RimWorld.Ideology">
        <kindDef>Farmers</kindDef>
        <commonality>1</commonality>
        <options/>
      </li>
    </pawnGroupMakers>
    <settlementTexturePath>World/WorldObjects/DefaultSettlement</settlementTexturePath>
    <maxConfigurableAtWorldCreation>9999</maxConfigurableAtWorldCreation>
  </FactionDef>

  <FactionDef ParentName="FactionBase" MayRequire="Ludeon.RimWorld.Ideology">
    <defName>FactionBlender_Clan</defName>
    <label>coalated clan</label>
    <description>A loose collection of races, united under one clan. Like their coalition counterparts, they've learned to train animals and mechanoids of all different sizes. Unlike them, they are a bit looser with their moral codes and ideologies.</description>
    <colorSpectrum>
        <li>(0.00, 0.00, 0.65)</li>
        <li>(0.45, 0.45, 1.00)</li>
        <li>(0.00, 0.20, 0.65)</li>
        <li>(0.45, 0.60, 1.00)</li>
        <li>(0.20, 0.00, 0.65)</li>
        <li>(0.60, 0.45, 1.00)</li>
        <li>(0.00, 0.00, 0.65)</li>
    </colorSpectrum>
    <pawnSingular>clansmember</pawnSingular>
    <pawnsPlural>clansmembers</pawnsPlural>
    <categoryTag>Outlander</categoryTag>
    <allowedCultures>
        <li>FB_CoalatedClan</li>
    </allowedCultures>
    <!-- No meme/precept is disallowed -->
    <disallowedMemes />
    <disallowedPrecepts />
    <classicIdeo>false</classicIdeo>
    <!-- TODO: Fill this in via def injectors -->
    <structureMemeWeights>
      <Structure_TheistEmbodied MayRequire="Ludeon.RimWorld.Ideology">1</Structure_TheistEmbodied>
      <Structure_TheistAbstract MayRequire="Ludeon.RimWorld.Ideology">1</Structure_TheistAbstract>
      <Structure_Ideological MayRequire="Ludeon.RimWorld.Ideology">1</Structure_Ideological>
      <Structure_Archist MayRequire="Ludeon.RimWorld.Ideology">1</Structure_Archist>
      <Structure_OriginChristian MayRequire="Ludeon.RimWorld.Ideology">1</Structure_OriginChristian>
      <Structure_OriginIslamic MayRequire="Ludeon.RimWorld.Ideology">1</Structure_OriginIslamic>
      <Structure_OriginHindu MayRequire="Ludeon.RimWorld.Ideology">1</Structure_OriginHindu>
      <Structure_OriginBuddhist MayRequire="Ludeon.RimWorld.Ideology">1</Structure_OriginBuddhist>
    </structureMemeWeights>
    <listOrderPriority>30</listOrderPriority>
    <settlementGenerationWeight>1</settlementGenerationWeight>
    <requiredCountAtGameStart>1</requiredCountAtGameStart>
    <canMakeRandomly>true</canMakeRandomly>
    <canSiege>true</canSiege>
    <canStageAttacks>true</canStageAttacks>
    <leaderTitle>Clansleader</leaderTitle>
    <factionIconPath>World/FB_Clan</factionIconPath>
    <factionNameMaker>NamerFaction_FB_Clan</factionNameMaker>
    <settlementNameMaker>NamerSettlementOutlander</settlementNameMaker>
    <techLevel>Spacer</techLevel>
    <geneticVariance>1</geneticVariance>
    <raidLootMaker>OutlanderRaidLootMaker</raidLootMaker>

    <!-- Extra backstories to include -->
    <backstoryFilters>
      <li>
        <categories>
          <li>Outlander</li>
        </categories>
        <commonality>0.90</commonality>
      </li>
      <li>
        <categories>
          <li>Offworld</li>
        </categories>
        <!-- Slightly higher than vanilla -->
        <commonality>0.10</commonality>
      </li>
    </backstoryFilters>

    <!-- Filled in via TraderKindDefInjector -->
    <caravanTraderKinds>
      <li>Caravan_Outlander_BulkGoods</li>
      <li>Caravan_Outlander_CombatSupplier</li>
      <li>Caravan_Outlander_Exotic</li>
      <li>Caravan_Outlander_PirateMerchant</li>
    </caravanTraderKinds>
    <visitorTraderKinds>
      <li>Visitor_Outlander_Standard</li>
    </visitorTraderKinds>
    <baseTraderKinds>
      <li>Base_Outlander_Standard</li>
    </baseTraderKinds>

    <allowedArrivalTemperatureRange>
      <min>-50</min>
      <max>45</max>
    </allowedArrivalTemperatureRange>
    <maxPawnCostPerTotalPointsCurve>
      <points>
        <li>(0,35)</li>
        <li>(70, 50)</li>
        <li>(700, 100)</li>
        <li>(1300, 150)</li>
        <li>(100000, 10000)</li>
      </points>
    </maxPawnCostPerTotalPointsCurve>

    <!-- Pawn lists filled in via InjectPawnKindDefsToFactions -->
    <pawnGroupMakers>
      <!-- Standard collection of all fighters -->
      <li>
        <kindDef>Combat</kindDef>
        <commonality>100</commonality>
        <options/>
      </li>
      <!-- Ranged only -->
      <li>
        <kindDef>Combat</kindDef>
        <commonality>65</commonality>
        <options/>
      </li>
      <!-- Melee only -->
      <li>
        <kindDef>Combat</kindDef>
        <commonality>60</commonality>
        <!-- Civil coalition is smart enough to not bring a knife to a gun fight for large enough raids -->
        <maxTotalPoints>2000</maxTotalPoints>
        <disallowedStrategies>
          <li>Siege</li>
        </disallowedStrategies>
        <options/>
      </li>
      <!-- Snipers only -->
      <li>
        <kindDef>Combat</kindDef>
        <commonality>40</commonality>
        <options/>
      </li>
      <!-- Heavy damage types -->
      <li>
        <kindDef>Combat</kindDef>
        <commonality>25</commonality>
        <options/>
      </li>
      <!-- Mostly non-humans -->
      <li>
        <kindDef>Combat</kindDef>
        <commonality>10</commonality>
        <disallowedStrategies>
          <li>Siege</li>
        </disallowedStrategies>
        <options/>
      </li>

      <li>
        <kindDef>Peaceful</kindDef>
        <options/>
      </li>
      <li>
        <kindDef>Trader</kindDef>
        <traders/>
        <carriers/>
        <guards/>
      </li>
      <li>
        <kindDef>Settlement</kindDef>
        <options/>
      </li>
      <li MayRequire="Ludeon.RimWorld.Ideology">
        <kindDef>Miners</kindDef>
        <commonality>1</commonality>
        <options/>
      </li>
      <li MayRequire="Ludeon.RimWorld.Ideology">
        <kindDef>Hunters</kindDef>
        <commonality>1</commonality>
        <options/>
      </li>
      <li MayRequire="Ludeon.RimWorld.Ideology">
        <kindDef>Loggers</kindDef>
        <commonality>1</commonality>
        <options/>
      </li>
      <li MayRequire="Ludeon.RimWorld.Ideology">
        <kindDef>Farmers</kindDef>
        <commonality>1</commonality>
        <options/>
      </li>
    </pawnGroupMakers>
    <settlementTexturePath>World/WorldObjects/DefaultSettlement</settlementTexturePath>
    <maxConfigurableAtWorldCreation>9999</maxConfigurableAtWorldCreation>
  </FactionDef>


</Defs>